,XLK,XLF,XLE,XLV,XLY,XLP,XLI,XLB,XLU,XLRE,XLC
2000-02-01,0.2770750030622298,0.12012104108573676,0.031604271902567885,0.050100830643284786,0.1259464277385136,0.21962471949892842,0.0883027994639355,0.018863900344526317,0.0683610062602769,0.0,0.0
2000-03-02,0.2867354300446602,0.11823171417482668,0.04039676440302015,0.049097495504549844,0.16689838480934324,0.19691589061090728,0.04546026327421109,0.01569312847158332,0.08057092870689815,0.0,0.0
2000-03-31,0.2993954836160819,0.1264302337788726,0.04766705492081161,0.06542956676624535,0.13883951029585215,0.17802064146130922,0.06462540553097125,0.0,0.07959210362985586,0.0,0.0
2000-05-02,0.3379208769504316,0.11751525038637886,0.04213472636513091,0.051772583897854926,0.13190474725168477,0.16978869721098286,0.09001863623129784,0.0,0.05894448170623812,0.0,0.0
2000-06-01,0.34096181920265406,0.11955568126763587,0.05349810585124748,0.0484642047690564,0.12826712717841923,0.1668748736887252,0.09027425754964678,0.0,0.052103930492615,0.0,0.0
2000-06-30,0.3531850803087611,0.12575208525196604,0.05513807420562786,0.03705637570113082,0.13161772133901392,0.15724243242148228,0.07496644537606816,0.0,0.06504178539594961,0.0,0.0
2000-08-01,0.35920506716764683,0.13036095010151325,0.06709607922426,0.04160165474747299,0.12339575933545838,0.1549277064972058,0.07361496481098045,0.0,0.04979781811546219,0.0,0.0
2000-08-30,0.36062406714080586,0.1261642841243684,0.07159075727215083,0.04602756230345178,0.11682999309118883,0.15977783491496905,0.0733565250703731,0.0,0.04562897608269213,0.0,0.0
2000-09-29,0.35845114686529717,0.13453744240317245,0.06908498306523184,0.03500251390814532,0.09879493583034205,0.1651622075645965,0.08805500613783061,0.0,0.05091176422538401,0.0,0.0
2000-10-30,0.35458459757495553,0.12775054619163334,0.06927930929988137,0.04329470158656275,0.09893094099955078,0.15760136382757486,0.08685443911318305,0.0,0.06170410140665824,0.0,0.0
2000-11-29,0.35742900962606083,0.1401373242145794,0.07828335438589697,0.04193721815388505,0.08271461335706685,0.16154783175600748,0.0861370084323875,0.0,0.05181364007411592,0.0,0.0
2000-12-29,0.3444587611880033,0.13785697016118104,0.07140043886791195,0.03808807302489932,0.07639417351423226,0.15604799166928066,0.09830069651243822,0.0,0.07745289506205334,0.0,0.0
2001-01-31,0.3233949482026431,0.15935707395580834,0.09260964239747321,0.03441178641783948,0.06586390840737769,0.13995508848454247,0.08469886191065691,0.0,0.0997086902236587,0.0,0.0
2001-03-02,0.32037067738461417,0.15748379448543753,0.08852538037837063,0.03197391885830599,0.05437567939483829,0.13894150122147172,0.10153339620285638,0.0,0.10679565207410528,0.0,0.0
2001-04-02,0.3095291469251563,0.15448925263012742,0.08787078287364303,0.02206250485668352,0.05786599291193583,0.14480654264460474,0.12741256263685208,0.0,0.09596321452099708,0.0,0.0
2001-05-02,0.29468441963123904,0.1587816484930652,0.10470100622786835,0.028451677821652605,0.07105227641791548,0.14858980206947417,0.09154540161133866,0.0,0.10219376772744648,0.0,0.0
2001-06-01,0.2919597138217996,0.1692455612295504,0.098676732570884,0.016830347873871374,0.0799925262494405,0.15614500013014507,0.08237166870342896,0.0,0.10477844942088016,0.0,0.0
2001-07-02,0.28130112822326225,0.17906822275430245,0.10256544848808978,0.01589023224838178,0.07188222139870463,0.15082341368455823,0.09813351027511324,0.0,0.10033582292758755,0.0,0.0
2001-08-01,0.2779128151678753,0.17863372696276997,0.08565223851035267,0.013770324001580196,0.07861272008907001,0.1712241244326656,0.09185614353097593,0.003007327679874448,0.09933057962483585,0.0,0.0
2001-08-30,0.27752604617087984,0.19199184398397226,0.08323618527469444,0.005090964632085902,0.0830640871663708,0.1671939556543473,0.08782523603797678,0.00018410979747507508,0.10388757128219768,0.0,0.0
2001-10-05,0.25709861960169356,0.18525396183656423,0.0831425550042218,0.017938348963643182,0.10699633731355412,0.13960995325351214,0.09594701442567052,0.0,0.11401320960114039,0.0,0.0
2001-11-05,0.25444797793149787,0.18574747054195637,0.07380002758799514,0.003078069407601366,0.10167329525517194,0.154900427597859,0.09080039481945462,0.026810728679209247,0.10874160817925443,0.0,0.0
2001-12-05,0.23968809774504957,0.1940471958715973,0.049767184901200044,0.0014398098072009025,0.10317137608444847,0.15768286189039965,0.09852604105408638,0.03371843358269818,0.12195899906331953,0.0,0.0
2002-01-07,0.2444842050070391,0.18752893089752895,0.05851344338944453,0.0007965498932704087,0.13215314719630392,0.1902864366871899,0.058038114580109434,0.03803253493946387,0.09016663740964995,0.0,0.0
2002-02-06,0.23635099141761387,0.17641989844915223,0.05957026245496728,0.0282726945397264,0.12962693207827977,0.18389927776686363,0.09315028162561506,0.01219103679470392,0.08051862487307779,0.0,0.0
2002-03-08,0.2257502948001523,0.17160158123700106,0.06617341640960826,0.04816526466887792,0.12278544552607285,0.19521785205317171,0.09637260128733798,0.0,0.0739335440177779,0.0,0.0
2002-04-09,0.21084138961046325,0.18206231196938005,0.058444061214346525,0.042996627580007496,0.13454467156579125,0.18786553368755737,0.07399762919271702,0.018960870117868046,0.09028690506186907,0.0,0.0
2002-05-08,0.2119530610893106,0.19825048137765977,0.05510182789013411,0.03522366880721379,0.1451054756096476,0.17346783767878565,0.05659731502377489,0.024601491769147835,0.09969884075432568,0.0,0.0
2002-06-07,0.20917141685054969,0.19577625950843802,0.046565341348751454,0.050274725901333986,0.13325921699853974,0.17102154429673802,0.05848282922614852,0.026337103438336517,0.10911156243116404,0.0,0.0
2002-07-09,0.21482172695149396,0.1684823788433782,0.037033561436854406,0.07647408921143715,0.12470155998856229,0.19294219418830807,0.08318276265477328,0.00585421937152517,0.09650750735366742,0.0,0.0
2002-08-07,0.21018662116945752,0.1713270077671047,0.04366807660236556,0.06887006510889088,0.11503137480530598,0.18105488126889954,0.10727092763480553,0.0013403411997722485,0.10125070444339809,0.0,0.0
2002-09-06,0.20183432580346225,0.1655176801479337,0.042891983151340005,0.06587559826263732,0.09749216837466787,0.18715903314643292,0.12371023171083038,0.014320748894168041,0.1011982305085274,0.0,0.0
2002-10-07,0.21273727698930928,0.18025581617646333,0.04466209476030656,0.05738411262378994,0.06396827896060238,0.1927385309390244,0.14358791656591863,0.027389969770609646,0.07727600321397585,0.0,0.0
2002-11-05,0.20577115495629814,0.1988865982510756,0.04797482687287596,0.06937776364818149,0.08438648201966005,0.16845668636777394,0.1397263897631481,0.023321375889066274,0.06209872223192041,0.0,0.0
2002-12-05,0.2050681533046614,0.1950395645067362,0.05780429383674295,0.07726830575230458,0.08392307940830611,0.1642536062627862,0.14359320526358532,0.01432014202278384,0.0587296496420934,0.0,0.0
2003-01-07,0.19758641284271622,0.1980764654368629,0.057327239324448026,0.06669572874446102,0.08674867019884654,0.16287051663912192,0.17677890235895896,0.004548932981143569,0.04936713147344093,0.0,0.0
2003-02-06,0.20120386353277456,0.20263699751872588,0.06279896375094472,0.0687637018483441,0.06353428492155713,0.1705070372020542,0.17566818787466978,0.014663255465038154,0.040223707885891434,0.0,0.0
2003-03-10,0.19441246002660406,0.20779376080745668,0.06111667716303563,0.07137949662257416,0.0684669533905069,0.15151210232979218,0.1968779731917146,0.007565717493510427,0.04087485897480535,0.0,0.0
2003-04-08,0.19125745695377253,0.21213750526400527,0.06310527095015708,0.08592887533482088,0.07509506927246562,0.13833766696870248,0.1936021054959734,0.0007403797468862835,0.03979567001321637,0.0,0.0
2003-05-08,0.1927786577347402,0.20865543699723293,0.06156581113529783,0.09067906082322696,0.06279723930154801,0.1329760532884428,0.20725673255433094,0.00657226112330615,0.03671874704187407,0.0,0.0
2003-06-09,0.19244310579059512,0.20700484098656954,0.06243054083753372,0.08591056161816026,0.07076782844483116,0.13621675634982908,0.21057434820809562,0.0006941542430278527,0.03395786352135761,0.0,0.0
2003-07-09,0.18930974265993658,0.22777181757686782,0.05849284756563407,0.07981413373250659,0.07799827723632956,0.14037700811672385,0.17972567339204346,0.013482292558303155,0.03302820716165488,0.0,0.0
2003-08-07,0.184792535452427,0.23772514778135495,0.07468748438869707,0.07695521561515797,0.07839990416327888,0.15029050196433394,0.152302583763096,0.03799984766528169,0.006846779206372525,0.0,0.0
2003-09-08,0.19109113626022306,0.24811676147173503,0.07539573693321372,0.09297549645611454,0.07336459801417136,0.14022967999292116,0.1550654236316985,0.023761167239922644,0.0,0.0,0.0
2003-10-07,0.1951352723349486,0.23325209833153113,0.06610168449175287,0.12294014481072214,0.11071738574461376,0.1296982595445461,0.1103350862011178,0.0073171134997319425,0.024502955041035654,0.0,0.0
2003-11-05,0.1959545915664822,0.20469590323717443,0.06976475382515578,0.1206087959091806,0.10391195756553381,0.15108809713576918,0.12292905783617253,0.007802113970386295,0.023244728954145127,0.0,0.0
2003-12-05,0.19402316611173917,0.22116765042531603,0.06713553491653859,0.1126353498292434,0.11042972097668201,0.15216169892313616,0.10828831842263924,0.00721975599756668,0.02693880439713884,0.0,0.0
2004-01-07,0.1905343522491176,0.23482465717158849,0.046605080850694286,0.12507526045860543,0.08972856717799015,0.1637446640450903,0.07211608662643068,0.015119639617849684,0.062251691802633374,0.0,0.0
2004-02-06,0.19860614101816337,0.2484780316653155,0.03738206183292537,0.11818750483139485,0.09090968775013812,0.13124502128736587,0.06862013564825097,0.02172484831792903,0.08484656764851671,0.0,0.0
2004-03-09,0.19230167668918685,0.2364810905235123,0.04150159384141105,0.11606369252848661,0.07722006342501768,0.1441278707444519,0.08838555375731,0.03958476734450457,0.06433369114611907,0.0,0.0
2004-04-07,0.19601492167231505,0.22184654383758168,0.041503265546120854,0.11843810589841224,0.0835164491251759,0.13829863717066676,0.0953275209429053,0.03934799743656926,0.06570655837025306,0.0,0.0
2004-05-07,0.20489364586755943,0.22075785916022791,0.047025540713413305,0.1125622985406321,0.07364222224883624,0.13484736283173024,0.11820458826090693,0.020425700874792813,0.06764078150190111,0.0,0.0
2004-06-08,0.2029914498973309,0.23989957462378433,0.053331583251898726,0.10852170778404556,0.06059367083325968,0.11438998743339279,0.14204081659104123,0.0012977671474829367,0.07693344243776376,0.0,0.0
2004-07-09,0.19407559956090015,0.23312327441465633,0.058609006433008926,0.11635366329138708,0.0478854757250052,0.10918106323123639,0.16103296234754103,0.004531704228956561,0.07520725076730843,0.0,0.0
2004-08-09,0.19487732705642632,0.22464644583228213,0.05483534849049646,0.11373265393002392,0.04361791082540716,0.10217200115278638,0.17773698943388197,0.00725319172379578,0.08112813155489991,0.0,0.0
2004-09-08,0.2007128891718751,0.23032159775718647,0.05373857617746926,0.11573402286381818,0.04444791247140905,0.1009334607581461,0.15668448090970966,0.011811785345426906,0.08561527454495924,0.0,0.0
2004-10-07,0.2002303538817005,0.23862313516575073,0.05175719675727531,0.113561468858061,0.05041683696782146,0.10480852351820354,0.15819900887775,0.009642853518448256,0.07276062245498917,0.0,0.0
2004-11-05,0.20608900699835775,0.25016335923499844,0.05636328449628617,0.11700164816239475,0.062143727168453275,0.10068932471310632,0.14606560116458217,0.0018065104026569172,0.0596775376591641,0.0,0.0
2004-12-07,0.20824939799270958,0.23114491947742258,0.0632145953559437,0.12789836961870893,0.06645405706562377,0.10491308430144822,0.1455854314844712,0.0,0.05254014470367207,0.0,0.0
2005-01-06,0.2087900341849623,0.22859294736681277,0.059706861339184084,0.13096757733942854,0.06373652241067204,0.11011135332288959,0.14243111310311407,0.003431128033110453,0.05223246289982614,0.0,0.0
2005-02-07,0.20548875520650622,0.22772839592549524,0.05976702576938547,0.13035001338500707,0.059275023151837324,0.12285548442489347,0.14404842964793022,0.0,0.050486872488945046,0.0,0.0
2005-03-09,0.19824096551119844,0.23445294016522608,0.06502566200312475,0.13929747889323835,0.06464044489040925,0.11704491163061678,0.1305174445367207,0.000940081648775523,0.04984007072069,0.0,0.0
2005-04-08,0.19650343117255506,0.23537030231151596,0.07094285409222019,0.1335934374310704,0.06951714438400966,0.12437118134771386,0.11624151426750207,0.0048854519154353584,0.048574683077977174,0.0,0.0
2005-05-09,0.19449794842375204,0.23410812672828157,0.0700406899655832,0.14462096959078072,0.0528978386319231,0.12015087188529977,0.10529700838681574,0.026679076531818755,0.051707469855744904,0.0,0.0
2005-06-08,0.20151490094265492,0.2220561842279255,0.07127506304349729,0.1415239761233473,0.051447501352749225,0.13043087402050932,0.09484838723220132,0.037227313776042395,0.04967579928107268,0.0,0.0
2005-07-08,0.18394081962935735,0.21672254646118055,0.07463682795623672,0.1367378342942137,0.0881510944083015,0.12188667318194522,0.1007984859607037,0.02719932398140132,0.04992639412665987,0.0,0.0
2005-08-08,0.17266164181071303,0.21933987190229828,0.07963441710985844,0.12773202400452469,0.08344810016761704,0.14612687495810212,0.10598864481003588,0.02834912847420764,0.036719296762642996,0.0,0.0
2005-09-07,0.16035258855023296,0.22331408386502244,0.07995499234122604,0.11988512508678002,0.08782887856311351,0.14815362859472084,0.1229963951304147,0.026318389312357884,0.031195918556131557,0.0,0.0
2005-10-06,0.16908086710991094,0.21701415662035348,0.08625876235984062,0.11799378416578482,0.08059844845133977,0.14898491553567225,0.12055127513247421,0.02697435840974208,0.032543432214881825,0.0,0.0
2005-11-04,0.15692385219460986,0.23104421127997193,0.09256188820169577,0.12060012381970467,0.07319820352491109,0.1545639218124024,0.10549451094509658,0.03848269342302114,0.027130594798586517,0.0,0.0
2005-12-06,0.1599002175805276,0.22282658072985448,0.08960967767315565,0.11759140783280027,0.07646898052418932,0.14862081746500788,0.09751058760501063,0.046001918773423515,0.041469811816030565,0.0,0.0
2006-01-06,0.16662371752819222,0.23722219192399704,0.0958998037115787,0.11742800508502257,0.07155780879065535,0.1411371667256759,0.09544015662277334,0.041670859082747744,0.03302029052935711,0.0,0.0
2006-02-07,0.17663095262055914,0.22992719985824092,0.09276520142568792,0.1319742387596355,0.06890498946384127,0.11913231207255268,0.097244604333392,0.04439701693817494,0.03902348452791565,0.0,0.0
2006-03-09,0.19387186264365036,0.22780022637601438,0.09543654364546565,0.1370034570622351,0.05865223261238602,0.11816937043809528,0.0944006863841775,0.042449779387844944,0.0322158414501307,0.0,0.0
2006-04-07,0.18014364637963642,0.2288640402165269,0.09524865256353061,0.13981527843529468,0.07524137521943147,0.11040361349225172,0.1027355962981566,0.03951150942217938,0.028036287972992253,0.0,0.0
2006-05-09,0.16972642340993094,0.24901912176375685,0.10039392627499953,0.12594369862726307,0.09691017395217698,0.11556703529930382,0.09505231526570103,0.02848717856395602,0.018900126842911907,0.0,0.0
2006-06-08,0.17865003454750217,0.24827328921360364,0.09543681849427563,0.1178357553798088,0.10599301047622921,0.10839481519279745,0.08054054719521357,0.03734833922921441,0.027527390271355045,0.0,0.0
2006-07-10,0.17681702991940207,0.2562857572166155,0.09907234441971162,0.12641616043550738,0.09593706371206186,0.11946988496015523,0.0692163583520847,0.031821580704579036,0.024963820279882688,0.0,0.0
2006-08-08,0.18779040134467606,0.25477011891152723,0.10406066495298576,0.12232119595861822,0.08584908594648163,0.11895412747340263,0.09158335144445186,0.00837271531385702,0.026298338653999543,0.0,0.0
2006-09-07,0.18910391983377856,0.2499710267691777,0.10267774515793973,0.13590663858501875,0.07376397581814319,0.11342634577575539,0.09113325175660665,0.014289377846033896,0.029727718457546,0.0,0.0
2006-10-06,0.18748276056531135,0.2558921090228529,0.10064758961165186,0.13590373427503122,0.07332955154729719,0.11991808188601356,0.07998454869037697,0.017014253460113177,0.029827370941351707,0.0,0.0
2006-11-06,0.18487614584057596,0.24178267862989078,0.09172634837426322,0.1415600500159848,0.07050627483242101,0.11714882635967752,0.08353034031797929,0.028423105111860518,0.0404462305173469,0.0,0.0
2006-12-06,0.1769250336141021,0.24076091720852466,0.09473255691592394,0.15087052706316004,0.08232982012851518,0.1172625853844927,0.07816879674887944,0.028257089339678007,0.03069267359672397,0.0,0.0
2007-01-09,0.18067310805400352,0.23895308381689107,0.09539386442150148,0.1486841044915258,0.08383043331736909,0.11423626095169481,0.07660118039879905,0.026229756771711236,0.03539820777650388,0.0,0.0
2007-02-08,0.16553413128152428,0.25733272373953736,0.10465080454214518,0.1446517456180395,0.10598851340914374,0.11604025194193858,0.06540851627959189,0.016472825378545993,0.023920487809533483,0.0,0.0
2007-03-12,0.15390923219388783,0.27317824401081947,0.10564778969307441,0.14233559260659231,0.11707970210988662,0.10255320394334172,0.05838582192091039,0.016306048745594295,0.030604364775892838,0.0,0.0
2007-04-11,0.16786787440363965,0.25423276022673397,0.10554814638872877,0.14853044006547125,0.11475282025790678,0.08990126956421571,0.06175417391099244,0.02050776098346611,0.03690475419884527,0.0,0.0
2007-05-10,0.18125310881332266,0.23397047069779026,0.1042101474508012,0.1428394832719317,0.11569416229974266,0.10427045975262147,0.06635775190822754,0.01678361066917517,0.034620805136387274,0.0,0.0
2007-06-11,0.15874936425419442,0.2429322292971894,0.10251268322716885,0.15446319820449628,0.11344035916093856,0.11167323956404128,0.06883302024075824,0.019131412494556205,0.02826449355665681,0.0,0.0
2007-07-11,0.16535671841548535,0.24653263642021306,0.10378426951758557,0.147195928032293,0.11290676849504809,0.08954581084969768,0.07421438466305195,0.023498674715709215,0.036964808890916113,0.0,0.0
2007-08-09,0.16329512518837686,0.18699948422603027,0.10258214571950655,0.1852079479100568,0.15926800283356374,0.04239501903760332,0.07827121284347881,0.04354185816260657,0.038439204078777066,0.0,0.0
2007-09-10,0.16422957871621527,0.20973102158744125,0.1102846004131776,0.17501762147597602,0.1532680054823793,0.04107637160495674,0.07546289330229139,0.03744231862825472,0.03348758878930775,0.0,0.0
2007-10-09,0.1654602032462676,0.2036515127144265,0.11408712047997407,0.17457407819631646,0.14902109074967274,0.0358212660073748,0.08011842865285265,0.041338551320751864,0.03592774863236323,0.0,0.0
2007-11-07,0.16739641621023774,0.1864771350570757,0.11321265548388985,0.1645615150328806,0.17347152052950818,0.04540855960889741,0.08191258688920312,0.029818507818059066,0.03774110337024821,0.0,0.0
2007-12-07,0.19282932938137887,0.18455267608546516,0.11290330217667853,0.16207433988587372,0.1553707746831739,0.03690721985743671,0.09046418849387865,0.029188939967418795,0.035709229468695584,0.0,0.0
2008-01-09,0.18466759179118408,0.1712192670758795,0.11956727628751758,0.1644691662882059,0.15613464804977506,0.03911355864295827,0.09705310332013066,0.03402139249765172,0.03375399604669714,0.0,0.0
2008-02-08,0.18848433980791504,0.15897426840357276,0.11765680489193964,0.17709181989105502,0.142742453862745,0.03864119419623142,0.10689398620382247,0.035811666229365234,0.033703466513353424,0.0,0.0
2008-03-11,0.2014935140388782,0.14954092115428144,0.11462891499826026,0.1784996458983848,0.13536342916676838,0.05476664775135576,0.11065380150245441,0.03466386293986683,0.02038926254974987,0.0,0.0
2008-04-10,0.19709830097945397,0.14728718653932912,0.1132955811228449,0.17254199639519255,0.143904117539429,0.07140423759665147,0.08517396643348586,0.0378857753653081,0.03140883802830498,0.0,0.0
2008-05-09,0.19157081457531608,0.14877929406058435,0.11722363351188884,0.17462114760536068,0.13077071427772927,0.07196259104319386,0.0846391097086341,0.044860780385868784,0.03557191483142417,0.0,0.0
2008-06-10,0.1952887399738071,0.1471681810317101,0.125296939164734,0.16706492885954954,0.12834078317074357,0.07173647399450249,0.09275921465710377,0.03564970900216836,0.03669503014568104,0.0,0.0
2008-07-10,0.189945524638646,0.14633890801952512,0.12789251476582236,0.17597077868550387,0.1276258387815745,0.07181716877066878,0.0826040976072711,0.03765956537075827,0.040145603360230035,0.0,0.0
2008-08-08,0.19855835436765157,0.14545446891245672,0.13196891630460264,0.15396362891139137,0.11564646802360905,0.09376386040244789,0.06111189641458254,0.047005882246575745,0.052526524416682506,0.0,0.0
2008-09-09,0.20218350151107914,0.1404614270304489,0.12286911219291743,0.15186553558518387,0.12102433416306618,0.0898065868384825,0.0673466498329575,0.05025109825527638,0.05419175459058815,0.0,0.0
2008-10-08,0.21059919987899223,0.14307647844089688,0.12591758541711534,0.1349277774662613,0.09511340673418436,0.12207508000455915,0.07326269027876788,0.04089205941827171,0.05413572236095109,0.0,0.0
2008-11-06,0.2885937679366782,0.12423145864294625,0.11324699016972029,0.19213684004732323,0.013532705117741455,0.0,0.1166242361591007,0.053691072861774325,0.09794292906471569,0.0,0.0
2008-12-08,0.2803014769126297,0.12073387119982028,0.1439455829011781,0.18429564183034758,0.04765860696339427,0.0,0.10865455476756333,0.026077006687092022,0.0883332587379748,0.0,0.0
2009-01-08,0.2806675907692898,0.12356685429689872,0.13863896676802398,0.1905643943800388,0.043339978979963965,0.0,0.09749178227970756,0.030552683305898238,0.09517774922017896,0.0,0.0
2009-02-09,0.27659267623895695,0.11589880320671199,0.13752096550670434,0.1851503970841056,0.0421866015278133,0.0,0.11064007221025055,0.028091480769231018,0.10391900345622627,0.0,0.0
2009-03-11,0.2691423319374269,0.11236142995795156,0.1376246107881091,0.18283263649438652,0.050597032844093476,0.0,0.10828945667836078,0.02862290078826296,0.1105296005114087,0.0,0.0
2009-04-09,0.2722698034332249,0.1116369650292985,0.14214560596707831,0.18705577665138978,0.041029929669353954,0.0,0.11784827536209255,0.027438396230332944,0.100575247657229,0.0,0.0
2009-05-11,0.2673183184430628,0.11177474362015213,0.14285060812535408,0.18610387388524396,0.04040546897033758,0.0008112367742930044,0.12205313487742672,0.03030336242300361,0.09837925288112626,0.0,0.0
2009-06-10,0.2663427006184644,0.11207252762299981,0.14437684125905784,0.19492791783859192,0.04040411457263811,0.0005935484080174912,0.1169839143761135,0.031315088534968255,0.09298334676914874,0.0,0.0
2009-07-10,0.2707341964749359,0.11025982192333486,0.14812965494884775,0.19299717687060836,0.03283984649452394,0.00479897949252975,0.12348910756386823,0.029068310197800224,0.08768290603355093,0.0,0.0
2009-08-10,0.27780416994666285,0.10702396297417494,0.1529888385658441,0.19353291633479677,0.027970478770842716,0.003627055909831233,0.11708301968308361,0.030865807732103883,0.08910375008265987,0.0,0.0
2009-09-09,0.2778342462610333,0.10375159331153307,0.16847784211137876,0.19329717712783512,0.009050578493972264,0.00934845244043492,0.11761128926752717,0.036783738706548254,0.08384508227973718,0.0,0.0
2009-10-08,0.2725116938565702,0.10042930102885717,0.16589307422570954,0.19869529433944366,0.013592180126539602,0.0,0.11630835542797613,0.04827922148778271,0.08429087950712104,0.0,0.0
2009-11-06,0.20068409590215983,0.12065135455215108,0.15649720684426688,0.15223401214384452,0.13246040358008973,0.12263774661494242,0.06017797700125593,0.008388725942856626,0.046268477418433006,0.0,0.0
2009-12-08,0.20471172108984773,0.12062738292752168,0.1113350640076353,0.15348975824374478,0.0731441009479901,0.13397945982712683,0.09724253229440681,0.04718536188330927,0.058284618778417334,0.0,0.0
2010-01-08,0.20253082783868734,0.11731592731374224,0.11967422916685362,0.15808081323754816,0.08020911424235347,0.1239384071326569,0.10209763129544258,0.04358090602161484,0.05257214375110081,0.0,0.0
2010-02-09,0.2130259722823233,0.12019835487626325,0.12728785252762115,0.1594595770862053,0.0856425799774042,0.12555812306935288,0.08170340304242754,0.04541742743587586,0.04170670970252643,0.0,0.0
2010-03-11,0.22566455268007216,0.126357156143498,0.12152492757437904,0.1581356196721361,0.08331254929530278,0.12194335128153544,0.07358427084903993,0.04699623780428873,0.04248133469974782,0.0,0.0
2010-04-12,0.22810164536984212,0.12897610707773563,0.114763032777478,0.16042384416070588,0.09542710597247571,0.1133386885325988,0.0665204913425521,0.046611534824533764,0.04583754994207803,0.0,0.0
2010-05-11,0.23566582931723898,0.14090659726106136,0.10960179946814409,0.15647289445032245,0.09297750210951448,0.10921214579810314,0.06537735166181727,0.04146118185021165,0.0483246980835866,0.0,0.0
2010-06-10,0.21727993185589994,0.15069422651757938,0.12165450780988023,0.12586795216288868,0.10451193065371706,0.13637720669909306,0.06422516984669085,0.034650007286933474,0.04473906716731737,0.0,0.0
2010-07-12,0.21271219551725695,0.1512482078357022,0.12478531497675484,0.1273298122087554,0.10841954437374343,0.13204486482698466,0.061773848342736054,0.03465372167190578,0.047032490246160706,0.0,0.0
2010-08-10,0.20527464209870944,0.1482918556267121,0.12010344667716279,0.12979542192892954,0.08881469766347094,0.13343721250522944,0.1072403717643488,0.02731412122002531,0.03972823051541161,0.0,0.0
2010-09-09,0.21552970299094967,0.15052765748887112,0.11587606866050558,0.13042581892036423,0.08285618958861493,0.13077855536475474,0.11174037377070041,0.024849076664989516,0.03741655655024987,0.0,0.0
2010-10-08,0.21535925480306306,0.1529340796187039,0.1241437751187315,0.12265455700462834,0.08345297755113769,0.14078081034212472,0.10505754780237134,0.024380291619245778,0.03123670613999366,0.0,0.0
2010-11-08,0.21452315642256514,0.1535500199904574,0.12738120244472756,0.11181724286153973,0.08463647400039896,0.14252848971772752,0.10485866379829044,0.02121720189082143,0.0394875488734718,0.0,0.0
2010-12-08,0.21572281350641084,0.15819126150975266,0.12582524814261078,0.10813112885152693,0.08233655980355101,0.14063117892024166,0.1050962960279772,0.021712833882831885,0.042352679355096984,0.0,0.0
2011-01-07,0.21666033468666585,0.15965516951543737,0.12386472883312095,0.10948005161076604,0.08294359114717638,0.13569463875618604,0.10446653066715632,0.02154726271202657,0.045687692071464565,0.0,0.0
2011-02-08,0.22015848169886024,0.16319358477786766,0.1154977635325815,0.11685424511265148,0.07822669064929905,0.12706706751207747,0.10840756288255671,0.02344301624081594,0.04715158759328993,0.0,0.0
2011-03-10,0.22084070350831503,0.1630395070286222,0.11646452828060587,0.11569718539878872,0.07964032459992929,0.1259524351119795,0.10829476383918472,0.022481299310257365,0.04758925292231735,0.0,0.0
2011-04-08,0.2207360848550012,0.16115596140865504,0.12070581328367459,0.11803420397724969,0.07763437135757044,0.12074856670597217,0.1076766228602804,0.022651173529172793,0.05065720202242377,0.0,0.0
2011-05-10,0.22066234821903238,0.15873039280139375,0.12173158973506591,0.119000943362502,0.07799530671680373,0.11954539440042541,0.10748121654690693,0.023447635375295914,0.051405172842574016,0.0,0.0
2011-06-09,0.22478211080467073,0.15093933874374205,0.12409629747036253,0.11629133948335431,0.07868237847257827,0.1127319857196387,0.11944640373855576,0.01761618497224961,0.05541396059484801,0.0,0.0
2011-07-11,0.22393765922115405,0.15051988055443372,0.1260962121236983,0.11326852709494896,0.08571548182398002,0.11186438289848044,0.11896369939716989,0.014222527852011727,0.055411629034122944,0.0,0.0
2011-08-09,0.21818604725979915,0.145591501847863,0.12527316940238653,0.11280189006926487,0.09731976445576358,0.11611896056580992,0.11937111717569986,0.014022387057417686,0.051315162165995555,0.0,0.0
2011-09-08,0.22182222934906523,0.1434441887091597,0.12241465440057038,0.10743351613807964,0.09578712186961899,0.11490014694234038,0.1196570131160046,0.01708843806102983,0.05745269141413121,0.0,0.0
2011-10-07,0.2274421250733199,0.1375706498040572,0.12288531660710095,0.1066986726111704,0.09329860877329563,0.11184342258777037,0.1221896932214099,0.01665629501819733,0.0614152163036784,0.0,0.0
2011-11-07,0.23033997435722825,0.1370552509399051,0.11963859775812159,0.11672567721172002,0.0959548127536091,0.11081106558782432,0.10897087068716396,0.02351221615874422,0.05699153454568342,0.0,0.0
2011-12-07,0.22751772977536688,0.13402809212465444,0.12030487600879962,0.11681153098281966,0.09830124665718018,0.11239768816562501,0.11492964758616712,0.019351512420752285,0.0563576762786348,0.0,0.0
2012-01-09,0.2243939978724825,0.13250978655099793,0.1193816950179854,0.11968183553731963,0.09757200273630834,0.11456139485675804,0.11767274186699525,0.021955086410366587,0.052271459150786306,0.0,0.0
2012-02-08,0.22449296821021655,0.13339443513475724,0.11857347033853483,0.12650408848116657,0.09325588077912791,0.11923795871185136,0.11444214452045541,0.024360952633897454,0.04573810118999264,0.0,0.0
2012-03-09,0.22347168196045322,0.13364311240105073,0.11786352905260303,0.12577727677761424,0.0923937340494765,0.11912426397407529,0.11682565842702915,0.024032760035205714,0.046867983322492035,0.0,0.0
2012-04-10,0.22552883802611362,0.13551038411009766,0.11406536761709775,0.12426016956284286,0.09439349543401945,0.1222882159317952,0.11532169978319233,0.02526639742170169,0.04336543211313942,0.0,0.0
2012-05-09,0.2262885393208133,0.13636370535128986,0.11177678414289004,0.12409084452181292,0.09505381934894078,0.12409443629435524,0.11599278537211416,0.02495328719870431,0.04138579844907942,0.0,0.0
2012-06-08,0.22628048779306098,0.13690094274206396,0.11294044350729002,0.12319472595312672,0.09569575490985881,0.12365807875760672,0.11654580713071483,0.0231324538169748,0.04165130538930334,0.0,0.0
2012-07-10,0.22845724685825755,0.1368771268987416,0.11156755822455997,0.12669158656068666,0.09617258111149483,0.12081580899460317,0.11456904305765532,0.02408199334920047,0.04076705494480038,0.0,0.0
2012-08-08,0.22601589925804594,0.13892604089989638,0.1136899309040418,0.12426122768157366,0.1008088322542778,0.12483213069367063,0.10809059753112674,0.023851174595128255,0.03952416618223883,0.0,0.0
2012-09-07,0.22109731568037333,0.13688885498802544,0.11608063045126751,0.13061713852016352,0.10404803422678566,0.12878687916662118,0.10698252102428882,0.023642233609208425,0.03185639233326615,0.0,0.0
2012-10-08,0.21560872706388662,0.14050894940528894,0.1168104194752841,0.13097753952238728,0.10995004254561923,0.13022806755100708,0.10186635497061648,0.02689707936742043,0.02715282009848968,0.0,0.0
2012-11-08,0.21296401940133147,0.14702672104379833,0.11570472942248629,0.1334186762227245,0.10667358681216682,0.12816686592745974,0.10405583208253756,0.02598895370989065,0.026000615377604484,0.0,0.0
2012-12-10,0.21639139063496016,0.14868550189224392,0.116593990327391,0.13297472016712544,0.10762267716205987,0.12101505559521798,0.1014866746054562,0.027912763665305356,0.027317225950240095,0.0,0.0
2013-01-10,0.2201706146394381,0.153248985348463,0.11646510440491316,0.13164809612939438,0.10595688277022204,0.12080886176555555,0.09443873667613108,0.028642021799350686,0.028620696466532106,0.0,0.0
2013-02-11,0.22065423043816862,0.15331114329843099,0.11568150486960212,0.12265177265294545,0.11630309091451647,0.11608453827629896,0.0945865731200793,0.028809086222285094,0.031918060207672946,0.0,0.0
2013-03-13,0.22003930846425016,0.15671720618041649,0.11493810822210851,0.12469634334458037,0.11717631630613799,0.11411181471480161,0.08967126024931009,0.03145402634337615,0.031195616175018488,0.0,0.0
2013-04-12,0.2182793284117264,0.1574989102296195,0.11647851914560416,0.12640482119845295,0.11774931933010402,0.1147137538107125,0.08782862326067363,0.03100667102863283,0.03004005358447401,0.0,0.0
2013-05-13,0.21948925015727072,0.15721209979615636,0.1183017436340095,0.12443570376326069,0.12190438271594391,0.1161976789010126,0.08377854994248372,0.02860772520007914,0.030072865889783272,0.0,0.0
2013-06-12,0.22100091174947303,0.16163479280307558,0.11565429790627635,0.11989660849364092,0.12227171140640651,0.1202229692197202,0.07907672971121169,0.030779927782736444,0.029462050927459193,0.0,0.0
2013-07-12,0.21363517351633818,0.1585458877213882,0.1142505874932351,0.11783647911857117,0.11696586165307907,0.12754144438061554,0.09250278228834977,0.03151313101481319,0.027208652813609763,0.0,0.0
2013-08-12,0.21576260063884742,0.16393962878800275,0.10439771024738238,0.12583561581400782,0.10475125375550626,0.12368014621016143,0.09659232004277732,0.036205993125441545,0.02883473137787308,0.0,0.0
2013-09-11,0.21324087458064073,0.16346852420047903,0.1081053059600689,0.1294107538345721,0.10962204548958819,0.11502262670093236,0.09804303737866243,0.03428598187704021,0.028800849978016088,0.0,0.0
2013-10-10,0.21141061350299126,0.1656190400791971,0.10492133447472966,0.129924080772618,0.1102683906588041,0.11446753931160059,0.09914635247104117,0.034573210827772156,0.0296694379012461,0.0,0.0
2013-11-08,0.21023074917486803,0.16100638404183618,0.10438329797802542,0.12901058905641857,0.11428805604803863,0.11310578705915389,0.10062170593239533,0.03668786282308709,0.030665567886176845,0.0,0.0
2013-12-10,0.20558062729105597,0.16543934323204632,0.0992128697774119,0.13174391059264298,0.10760522738635628,0.11294030813784099,0.1070327603972966,0.03817290808611898,0.03227204509923014,0.0,0.0
2014-01-10,0.20457934259621388,0.16498621531443183,0.09700618576351715,0.13596927681006765,0.10832221331216903,0.1069217442310614,0.11174742117732381,0.03580210244564482,0.03466549834957045,0.0,0.0
2014-02-11,0.20274010966037584,0.16357027609612282,0.09727992654572791,0.13154878552520438,0.10756539636291111,0.10913973753111882,0.11438929348129968,0.036837184913615165,0.03692928988362418,0.0,0.0
2014-03-13,0.20097528626929093,0.15526121523132316,0.09600606008668529,0.1293972047876858,0.11361333804610402,0.11006296500903791,0.1208915827035849,0.038084945154328656,0.03570740271195931,0.0,0.0
2014-04-11,0.20096830368469834,0.15406335936636328,0.09503438916214632,0.12858882933831178,0.11385265266653381,0.10911823520888887,0.12311277892125418,0.03911070997721576,0.03615074167458763,0.0,0.0
2014-05-13,0.2004902319410592,0.14977076570223627,0.09474678148637575,0.1277307425814817,0.11456046045722429,0.10792258486081255,0.12428455607458308,0.046530272986877196,0.03396360390934995,0.0,0.0
2014-06-12,0.19949427254628815,0.14865880799182987,0.09526390093994899,0.12799789417774393,0.11655302048446796,0.10508310891309608,0.12781492992833138,0.04474799169310645,0.03438607332518721,0.0,0.0
2014-07-14,0.20365440645095478,0.15369926918353638,0.09774639918017482,0.12904750225013378,0.11756993655942996,0.10241583958770531,0.11631137317873405,0.044032710423639,0.03552256318569198,0.0,0.0
2014-08-12,0.20374772017818873,0.15410817618966743,0.09993934844070818,0.12686853896610767,0.12028648468378722,0.10306042599429474,0.11418193449719524,0.04435306195991395,0.03345430909013676,0.0,0.0
2014-09-11,0.20686267926405016,0.15307513140106022,0.09538858111466755,0.12694669177208037,0.11790693275501962,0.10594955841534857,0.11499468139015512,0.04606966917557721,0.03280607471204118,0.0,0.0
2014-10-10,0.20776301160952212,0.15545239019920376,0.0908757211399591,0.1238819771658386,0.11291378711994933,0.1101723373328287,0.1162331635687228,0.05058389980282909,0.032123712061146566,0.0,0.0
2014-11-10,0.21054213142255196,0.15550796818370974,0.08839508836032534,0.12616094730309252,0.11408808576677375,0.11268475678292537,0.11019559666046247,0.050307885445415576,0.03211754007474321,0.0,0.0
2014-12-10,0.21013149585568058,0.1559944359576286,0.08561886281492177,0.1296394612845643,0.11751780562167691,0.11308984252842426,0.10679353528747235,0.047738626029045425,0.03347593462058572,0.0,0.0
2015-01-12,0.21410984500436342,0.15162310084262343,0.08222972786588095,0.1310089008735725,0.11362383770915754,0.1148824788243156,0.1087342006274804,0.05108997483915222,0.03269793341345393,0.0,0.0
2015-02-11,0.21915603078609788,0.15311895256988295,0.08277004588152805,0.132945863989495,0.110505694145242,0.11663503820610616,0.10866109263473839,0.045760496105865724,0.030446785681043913,0.0,0.0
2015-03-13,0.22006859523916902,0.15768545531521028,0.0830476395997613,0.1350518165213951,0.11060172379143429,0.11448368531156886,0.10570611777552344,0.04342312600842787,0.029931840437509762,0.0,0.0
2015-04-14,0.22136065031664323,0.15549427208128724,0.08027134363232763,0.13929343525808874,0.11123298972855718,0.10915995024220145,0.1091227494484387,0.044236603538359134,0.029828005754096623,0.0,0.0
2015-05-13,0.22224856884017113,0.156605676077168,0.08102717807799546,0.14047513554666113,0.11307185137623875,0.10870754692515756,0.1077735459820008,0.040620266177991644,0.029470230996615505,0.0,0.0
2015-06-12,0.21880009704565143,0.15568066038957004,0.07994335593399855,0.14247883138219541,0.11551121113767765,0.10746934704156906,0.10668703055700474,0.042958363214561576,0.03047110329777158,0.0,0.0
2015-07-14,0.21555128135028806,0.14034159760794654,0.07715339993575009,0.14574301508494955,0.12392204517336952,0.10878215751069868,0.11299782185456847,0.04610906948755045,0.0293996119948787,0.0,0.0
2015-08-12,0.21494971921072123,0.14392071608879708,0.07601388794224523,0.1463064746782587,0.12741931945508683,0.10906842763184552,0.10845056631342437,0.042976163462780215,0.03089472521684083,0.0,0.0
2015-09-11,0.21436706104202546,0.14502153426286998,0.07433814595444925,0.14768874080564898,0.12659512654491553,0.10220237693225641,0.10904186992249318,0.046991770882430006,0.03375337365291132,0.0,0.0
2015-10-12,0.21516375006464677,0.15005979041755993,0.07419494247469106,0.14475871266135637,0.12838425555122332,0.10145433848599152,0.10818854872950663,0.04239319877204727,0.03540246284297708,0.0,0.0
2015-11-10,0.21253932606256254,0.15297981795470592,0.07314366551535013,0.14486910795908428,0.12799249902086107,0.10001419974943705,0.11391645699802284,0.03931796219621439,0.035226964543761737,0.0,0.0
2015-12-10,0.21513148154663017,0.15031244436958782,0.07039456702592399,0.14152687001372108,0.1332791799324572,0.10281136261025611,0.11866771030889087,0.034355214947289575,0.03352116924524318,0.0,0.0
2016-01-12,0.21519868055129623,0.1508135607429799,0.06976603490997813,0.13913207761756363,0.13820039473611936,0.10508198924594897,0.1154969176744467,0.03220792199829485,0.03410242252337213,0.0,0.0
2016-02-11,0.21591406101998734,0.15357636786779047,0.06957674828135009,0.14051662253626515,0.13396941396547993,0.10183973473230643,0.11542211156660787,0.03075370806955111,0.03843123196066173,0.0,0.0
2016-03-14,0.21785104226902116,0.1530945884604195,0.06790186552069645,0.14046914999628776,0.12993808242622604,0.10470085814584433,0.11231426384273693,0.03262202367003421,0.04110812566873359,0.0,0.0
2016-04-13,0.21878683524293224,0.1554484500908514,0.06708358775473705,0.13978076383126625,0.1297900217782664,0.10446636951259612,0.10914874249375535,0.033546139411455705,0.04194908988413952,0.0,0.0
2016-05-12,0.21999796754736226,0.15501077039321645,0.06608839312453474,0.1404353101824324,0.13315573790569585,0.10064472550175232,0.10678682209875666,0.03429040571693653,0.043589867529312876,0.0,0.0
2016-06-13,0.22075660025005217,0.1582982058869224,0.06581364751982705,0.1396920198429104,0.13069154051371182,0.10491000185344365,0.10447149289759755,0.033779555351148335,0.041586935884386465,0.0,0.0
2016-07-13,0.22235586301063154,0.16547747259512155,0.06651037248473576,0.13866021260644196,0.1270102401061773,0.10702963144408216,0.09959076651498507,0.03150748592480783,0.0418579553130168,0.0,0.0
2016-08-11,0.22457298368975837,0.1650015390485587,0.06525475767794289,0.13810692897873744,0.12441832797302751,0.1072012803489052,0.10212573939152882,0.03116207086469287,0.04215637202684823,0.0,0.0
2016-09-12,0.22452840973827853,0.1670244187399035,0.0644061503816489,0.13707480167052816,0.12428683413945939,0.11318481454485246,0.1008950935767798,0.029494753231017,0.039104723977532216,0.0,0.0
2016-10-11,0.22762752539131445,0.16202989190599437,0.06386330319318394,0.13815695555103616,0.12342513024533852,0.1105836310865849,0.10433257949305812,0.02900927921602535,0.04097170391746427,0.0,0.0
2016-11-09,0.23540308278459607,0.15371142362753748,0.06373297594115133,0.1322858525215942,0.1247470685892162,0.11164710523350402,0.10283669320329564,0.02959016972992421,0.04140183933276142,0.004643789036419298,0.0
2016-12-09,0.23659193853450614,0.15688714667683845,0.06357533344304683,0.13329886888550627,0.1237946819532609,0.10812162667287004,0.09646232645262717,0.03130919148164179,0.04355380539063578,0.006405080509066532,0.0
2017-01-11,0.23408668283393025,0.1550759674301728,0.06430677457299819,0.13589679159072074,0.1202685767618194,0.10949519548730206,0.09886804006097288,0.029957370731682833,0.04192275425684058,0.010121846273560381,0.0
2017-02-10,0.22770137499375198,0.15623211885364593,0.06333546632899256,0.13587352375055275,0.1313799132508585,0.11077396589335874,0.08814219896203548,0.03268771825754934,0.03958343046327537,0.014290289245979313,0.0
2017-03-14,0.22916799942694033,0.15420350091848473,0.06512570006242695,0.1364577105723857,0.1308612279985488,0.10874409397757875,0.09029637724587539,0.02870435887871352,0.036300369828592166,0.02013866109045359,0.0
2017-04-12,0.23121389624764718,0.154389790293294,0.06471567433313502,0.1355354949713512,0.12721781675578697,0.10940131068053557,0.09024200483796026,0.03043439937391083,0.03414181956486239,0.022707792941516543,0.0
2017-05-12,0.23213975793356442,0.15426497168677403,0.062183401735634955,0.13507500289895222,0.12395482269765011,0.11176008949950718,0.09022695702832356,0.031147848803843248,0.03297339843223893,0.02627374928351148,0.0
2017-06-13,0.2389996567282021,0.14855355093830475,0.0605998807275365,0.1349887990078282,0.12273518086849296,0.1044071130448061,0.09491414122629882,0.031481677788602024,0.03397298073095891,0.02934701893896965,0.0
2017-07-13,0.24206845211607456,0.14521853588026382,0.06027698297663811,0.13579551253118338,0.12103759288641981,0.10076366509161633,0.10022225825669104,0.028523999818438357,0.03640096359102269,0.029692036851651855,0.0
2017-08-11,0.24579293297933041,0.14614882684366576,0.06107656972841061,0.1368648103876816,0.11946579283310033,0.09650428459130216,0.09719289605854646,0.028128331583403055,0.0364977308377287,0.032327824156830984,0.0
2017-09-12,0.24754049518184842,0.1447034283892706,0.06071636452624434,0.13655749447882878,0.11813471166930768,0.09374933023126537,0.0968402295075966,0.030910112400233444,0.03709506958479865,0.03375276403060612,0.0
2017-10-11,0.24868122889498656,0.14701783894245063,0.06019108421944446,0.13515139244047308,0.11528615973957623,0.09486630164359319,0.09686054849028686,0.031764134684957285,0.03729842233823549,0.03288288860599627,0.0
2017-11-09,0.24763277684916926,0.14831225148601046,0.06119230688132187,0.14149413485391374,0.11377428678718658,0.09209072190217836,0.09885157972345815,0.030289005435489586,0.03621551844842403,0.030147417632847864,0.0
2017-12-11,0.2553971580578895,0.1449382652156459,0.05972833574070589,0.1385442971725511,0.11111411569815383,0.09402212090509018,0.099980131774598,0.029389332679009814,0.03384515845193194,0.03304108430442406,0.0
2018-01-11,0.2556253761579227,0.1431407138938397,0.05992467834964257,0.13859198337170647,0.1152482983964667,0.09331932200117482,0.10194638923024263,0.02901933751962265,0.032105813388891256,0.03107808769049068,0.0
2018-02-12,0.2610336143070975,0.1399413857119289,0.05777481881254849,0.14048374928104596,0.11341957025320046,0.09337121809742312,0.10675819790433322,0.03309029111801234,0.02481642048520284,0.029310734029207208,0.0
2018-03-14,0.2616195596519905,0.14025476202083645,0.053922750188975875,0.13879307119608786,0.11623640199220207,0.09036187125927894,0.11300992258039305,0.03149781867893321,0.02270664995573811,0.031597192475563904,0.0
2018-04-13,0.2609201589085554,0.14037591603056837,0.054632173820634025,0.138369431904789,0.11622117050317259,0.08413617777759509,0.11437234747648908,0.0337369929537227,0.028115520658323744,0.029120109966149898,0.0
2018-05-14,0.26042994970740224,0.14021496406270934,0.05550699687255161,0.13996783263462045,0.11928708695287436,0.08009266449937277,0.11635841855169149,0.03141175548050524,0.029156347593351995,0.02757398364492054,0.0
2018-06-13,0.26299067159148354,0.14318998594185675,0.05530418031928528,0.13918122143369113,0.11732224698734801,0.07942479102854764,0.1124227146252162,0.035082992239498206,0.030764863032434746,0.024316332800638402,0.0
2018-07-13,0.2624134079934284,0.14191851467319194,0.05772207200174507,0.14027548725644023,0.11584427012777317,0.07585054988172839,0.11184319410338259,0.03751906895286277,0.02934227943903865,0.027271155570408802,0.0
2018-08-13,0.2645477582304601,0.14344319695079646,0.05897444522761781,0.14170322845535246,0.11541820987698784,0.07628034441728507,0.10864627547157123,0.03587610744674257,0.031250058264992955,0.023860375658193485,0.0
2018-09-12,0.2654399750121354,0.14312299423804234,0.058587070044732646,0.14249529237772623,0.11891035455477862,0.07440399201124047,0.1085234485956033,0.03395536601459004,0.029608649333862497,0.024952857817288555,0.0
2018-10-11,0.2649896723155553,0.1428566347842718,0.06013900279296959,0.14455561975281714,0.1222222603634251,0.0740562744258263,0.10739990402269932,0.029526590588201104,0.02918282664449995,0.02507121430973442,0.0
2018-11-09,0.2656034902398528,0.14536669427399346,0.05948576928022738,0.144530323354646,0.12345548348434558,0.07270379012781428,0.10631380275454441,0.02851786744197814,0.030300487878715775,0.023722291163882237,0.0
2018-12-12,0.25815399646601117,0.14325096181053354,0.06324791351688723,0.13957513895625656,0.1309903766221356,0.07320813520071537,0.09902216851779777,0.03333142334042815,0.029018964632274033,0.030200920936960477,0.0
2019-01-14,0.250153663418275,0.14408829824963504,0.06748202376404115,0.13980284337141724,0.14162873319158253,0.07382773623905944,0.09265795092458581,0.03020910259701812,0.02715631713257811,0.03299333111180753,0.0
2019-02-13,0.24306024460656886,0.14155166185357415,0.06887713374201306,0.14854112193478836,0.15094660349305628,0.075629919915008,0.09201039148850473,0.019284178479269876,0.030465084997464944,0.029633659489751878,0.0
2019-03-15,0.2437590346106114,0.13962182987289287,0.07007631191286552,0.14399790853156072,0.15306461644605893,0.07641622966566773,0.08569356192419525,0.02440459174173207,0.03146653283360094,0.03149938246081444,0.0
2019-04-15,0.24421349436718026,0.13588486853907822,0.07239865904020448,0.1414898770000581,0.15450783324347028,0.0781631356598029,0.08229270099139117,0.025768593279175654,0.0329078426070915,0.03237299527254753,0.0
2019-05-15,0.2418402124462237,0.13821469587415355,0.07378820930197955,0.14670884726005545,0.15915587882270044,0.07557622050971013,0.07709053143347432,0.022475075446088552,0.033348369697112065,0.031801959208502255,0.0
2019-06-14,0.2421877483997494,0.13613518447546846,0.07443111889235847,0.14625168008695577,0.1618488164380521,0.07587887546485896,0.0810720135928494,0.01413516787329499,0.03447789154090744,0.03358150323550502,0.0
2019-07-16,0.21304922673687962,0.1373820525662988,0.06500729799469034,0.14197996882984407,0.12574109376484063,0.07595671228076542,0.08315073751310748,0.020807496882455572,0.03942715933632481,0.023544167401341916,0.07395408669345119
2019-08-14,0.21222623107057684,0.13795949300363103,0.06059483158642269,0.14071619011518915,0.12220940457145368,0.07633532533334451,0.08181280077635908,0.021637165378499388,0.03910025140508865,0.022770543434038018,0.08463776332539683
2019-09-13,0.2122133808490711,0.13705981308311685,0.06119583825114801,0.1400391970165731,0.11815859792951658,0.07852354126745004,0.07690230155402768,0.02599611764601971,0.03829941250388274,0.02298507236702574,0.08862672753216855
2019-10-14,0.21145091049197398,0.1363586834447843,0.05703872208568132,0.13868022973725838,0.12088312592187381,0.08005621945605856,0.07490465540528563,0.029262444892241703,0.04030862880355052,0.02020224989059267,0.09085412987069902
2019-11-12,0.2136179228276359,0.13592481272002174,0.05779921778993467,0.13516423526836183,0.11816026818548879,0.08722408936641335,0.07182709379801355,0.029894527175609066,0.034921719135971266,0.024129228976325835,0.09133688475622406
2019-12-12,0.21145255645946057,0.136227958535857,0.05155849740763616,0.14356118439393697,0.10901850939675212,0.09031963059541923,0.08004565204074948,0.026969446253517642,0.03211037734316873,0.02328423731369884,0.09545195025980312
2020-01-14,0.21578174512262246,0.13813746753023803,0.04597649621207827,0.1408245536433485,0.09978218190574183,0.08933540614737713,0.08910656904516666,0.02816453461021551,0.034562419757321085,0.02024873065983071,0.09807989536605972
2020-02-13,0.2189606951655445,0.13510797616888975,0.04458126130068447,0.13405247142159432,0.09996516227066896,0.08602225012668635,0.09135867788195465,0.027883703329131704,0.03827863080051439,0.020783626261684927,0.10300554527264608
2020-03-16,0.1923561489237273,0.06963903343385754,0.05174102283178197,0.14917682715315567,0.11874909559037455,0.12749558576850198,0.11914229848573459,0.034520996733296554,0.013549473412548406,0.0,0.12362951766702149
2020-04-15,0.1810979306972103,0.07881511986392276,0.04306200529423527,0.14772867862655398,0.12872315043952723,0.12258110734348439,0.11696164279269583,0.028265285186640142,0.02085436293703523,0.0017375167217872993,0.13017320009690747
2020-05-14,0.19033633838223618,0.07867902003065443,0.03982743211034906,0.16207711144664838,0.13147146380334254,0.1129697305882767,0.11105351710593526,0.022306387181364677,0.017331202320208697,0.0058661705512973615,0.12808162647968674
2020-06-15,0.20006817478029548,0.07170319763745855,0.039275142672857644,0.1639835495001931,0.1287103760197771,0.11073553729627823,0.10461552278491207,0.02801621791654158,0.01522747161063486,0.008105572859638697,0.12955923692141277
2020-07-15,0.20388004611823674,0.07050237048323003,0.03839237066325718,0.1615085769334285,0.13363393562285175,0.10543867687065021,0.09851589201224857,0.024519183219306705,0.01746324239305086,0.013801455700324632,0.13234424998341493
2020-08-13,0.2147717353452007,0.06631233856852799,0.03752057146267221,0.15986172600610105,0.1321715639076015,0.10175846057982307,0.09363287462301013,0.026465871016521324,0.01605720772590991,0.01827637225494029,0.13317127850969168
2020-09-14,0.22733873681911115,0.06030814160941118,0.035792504097987385,0.15444050837450604,0.12569050588427388,0.10193215750556138,0.09852546363254458,0.03190318853586461,0.01114647707004408,0.021005407143024752,0.13191690932767103
2020-10-13,0.23441650941056622,0.060184369585292295,0.034639263032540335,0.15032861160488142,0.12822382697950108,0.1018220945293611,0.09716114608883177,0.02979978451297763,0.011096759398147341,0.02165367628900145,0.13067395856889935
2020-11-11,0.23687016706519595,0.06404722162145275,0.03265422264670437,0.15140715064089358,0.1334759159441962,0.09952233978511525,0.091849749308388,0.028957949002646394,0.0110799302811074,0.02171645499537103,0.12841889870892906
2020-12-11,0.23741461459765548,0.06523771482840289,0.03249799710393474,0.15027916594010174,0.13172447307828217,0.09770879862224521,0.09101763057933915,0.0277877258060155,0.013821033886303468,0.02108789884573068,0.13142294671198898
2021-01-13,0.24007327511987833,0.06680489795996683,0.032033686131695036,0.1494510719125126,0.13112971186730937,0.09674967947664466,0.08933195004303929,0.025907091005774673,0.01370983971308166,0.02438168585890463,0.130427110911193
2021-02-12,0.24164217165332197,0.06708604215625127,0.030639432666926873,0.15038171889266794,0.13538866344708442,0.09326691697997548,0.09151070929099228,0.025372921782735692,0.0137229293516037,0.022927749635143838,0.12806074414329666
2021-03-16,0.2622842116447403,0.09620926739694868,0.024523448322690124,0.1460969904923638,0.12663747632028144,0.08632276762445486,0.07099110595339608,0.016941648223812333,0.009320288655292117,0.04095948193776289,0.11971331342825733
2021-04-15,0.28137482033861766,0.10118326453039798,0.02288801944305144,0.13777436882987085,0.1222102180845684,0.0811231051453198,0.06792081821449356,0.026164493940037753,0.020178897803066295,0.02804650014088008,0.11113549352969625
2021-05-14,0.28413702791054607,0.10435201556001537,0.023432069304972415,0.13189789674631053,0.12314692009120852,0.08162273831093486,0.06080998251129237,0.030894841405090037,0.021383456138700855,0.026678920204262706,0.11164413181666635
2021-06-15,0.28426098345795575,0.10307060881291887,0.024064973310228027,0.12828603409506756,0.12211720258172065,0.07685822739963627,0.06431556852257364,0.032431674551645764,0.02083111949884387,0.030426775173108864,0.11333683259630072
2021-07-15,0.2846207185906526,0.10293911775384519,0.02520462652828778,0.12900179071502965,0.12234590069439423,0.079124393256475,0.06730606258978644,0.029434976965209966,0.019031779939214122,0.029063519503899772,0.11192711346320533
2021-08-13,0.28494436370373105,0.10070720380466533,0.026131449733788815,0.12719230174703,0.12349609504790626,0.08268685230819464,0.06944577158236323,0.028340633943953777,0.01960707511162412,0.026843230389316654,0.11060502262742611
2021-09-14,0.28457351903420186,0.10219470942838806,0.026817891434209117,0.129378486664349,0.1243705283885241,0.08072980698404769,0.07104373716939735,0.024101673391812368,0.023099968267697994,0.025629045535985318,0.108060633701387
2021-10-13,0.2851893792957713,0.1027450748560101,0.027101835259787502,0.12992195512714907,0.12103372847310831,0.0798130012563035,0.07175005960372176,0.024813954863839024,0.02503083014271048,0.02524464646128166,0.10735553466031725
2021-11-11,0.2907368330812078,0.10428806299657362,0.028931926927602325,0.12318227018757191,0.11531960191598264,0.074019659104578,0.07829784909779185,0.023503851500191485,0.02927904111454314,0.027517291772935767,0.10492361230102143
2021-12-13,0.29207223992113074,0.10293897408402883,0.03082682060300298,0.12475877619704659,0.11929788257413475,0.06962628538612549,0.08008535531107695,0.02235403210053987,0.028976544343763903,0.028108211881335485,0.10095487759781445
2022-01-12,0.2933245541908507,0.09967687762612,0.031791397823235666,0.13018111329202875,0.12033053379214449,0.06548502375867153,0.08185759750890491,0.022944408894392993,0.029403475600857754,0.027146534030683196,0.09785848348211014
2022-02-11,0.29152193485456546,0.10567087401440496,0.031352190668840776,0.13412854333908197,0.12058594199851569,0.06262090547620165,0.07553835227322733,0.022869603282076417,0.02714678307893669,0.0263814304375221,0.10218344057662686
2022-03-15,0.29372793293874105,0.0998846094134915,0.03206070170303463,0.135485763534429,0.1217709029534363,0.05829317332328983,0.07937194833331088,0.024493168195930407,0.027970875388036106,0.026672023933313416,0.10026890028298685
2022-04-13,0.2966090271489685,0.09978387241501642,0.0342573116095673,0.13981858029849226,0.12116745631695824,0.05570894105033208,0.07110942137920744,0.02613543909571985,0.03259667389732363,0.021014341780440166,0.1017989350079742
2022-05-13,0.3010535066167938,0.10066899845852488,0.03554469902652094,0.13973527670793595,0.11943964247437709,0.05293779650278943,0.06642750293674135,0.03071704808647407,0.034347837057852354,0.024093182474071148,0.09503450965791904
2022-06-14,0.30561010071696226,0.10222608705126689,0.03585022141438502,0.1395998131139796,0.11364195730583715,0.06295947625290733,0.06792498864472137,0.02344212694872854,0.03102293301925349,0.023713537317215275,0.09400875821474318
2022-07-15,0.3086623530410924,0.10085155602485431,0.03773281971843425,0.1379382572113788,0.11080601168535069,0.062204802411098305,0.07315775373630648,0.026371133340094794,0.03136732083799449,0.020595739940825752,0.09031225205256962
2022-08-15,0.3092588015536054,0.10335593368731347,0.038128695017243225,0.14100455648223856,0.10986693252513519,0.05619305248864011,0.07664203737728231,0.024655079045110818,0.03290159351425475,0.0215422509996111,0.08645106730956496
2022-09-14,0.3092844466805094,0.10310500191339929,0.038905266852673835,0.14261991000691515,0.11092621346614641,0.05547376254659118,0.07914848433358349,0.022971420339199432,0.03410653898335558,0.01860079290199583,0.08485816197563029
2022-10-13,0.30791694658573315,0.1019578075232038,0.03950135277480748,0.14220934717787373,0.11143769362625937,0.05686860310725663,0.08044209637630607,0.023156700132822096,0.03323029424872816,0.019174323402238725,0.08410483504477076
2022-11-11,0.29999713161192487,0.10278941556885206,0.03999258110538096,0.15031635355667428,0.11640505627190535,0.054261326097294234,0.08979931592126306,0.0201260484206438,0.032429311168284874,0.014515500623267381,0.07936795965450918
2022-12-13,0.29797050592202845,0.10564929961256672,0.04011041081935322,0.14877032113976557,0.11564327867761798,0.0569291822869545,0.08972549263146513,0.019233023253165695,0.029761094932381126,0.017478214275924425,0.07872917644877726
2023-01-13,0.2939216199777801,0.11074599182599025,0.040914576584982446,0.14614047805033636,0.11506377711425744,0.05960710338000491,0.09120593555106239,0.01810707418231617,0.02883564085467042,0.016404699577224593,0.07905310290137492
2023-02-14,0.2933495026060923,0.11200268293029182,0.042703298983336975,0.14719105772342087,0.11481488113631089,0.0637999532694521,0.0855437529683978,0.021222168981137643,0.0288581666110153,0.016272884138783212,0.07424165065176104
2023-03-16,0.2907329949706864,0.11308172317062179,0.04421477981300244,0.14484852147467814,0.11404630553379709,0.06690306917735789,0.08273565222475936,0.02088041059268506,0.03166317222658309,0.015895479285666637,0.07499789153016206
2023-04-17,0.2864727687538872,0.11469523273453909,0.045491946807446615,0.14476899424620732,0.11206437282733575,0.06783948251768013,0.08170046873370486,0.019271086149199566,0.032725445653608735,0.01822694676599646,0.0767432548103941
2023-05-16,0.28507253926242065,0.11184993255161949,0.04475542896662456,0.14569990349443754,0.11017955405559961,0.06914288617050565,0.0848926180920956,0.02147810447959168,0.03358530005273617,0.01663750030387642,0.07670623257049272
2023-06-15,0.2881087745390832,0.11221902215775419,0.045315681174266105,0.14869829338235305,0.10898208053463436,0.06330029796983895,0.08597282327791815,0.019905321892294842,0.035327161297354415,0.016007447325879814,0.07616309644862292
2023-07-18,0.2880683737854216,0.11348685599383472,0.04637157463331857,0.15010524574479428,0.11003884542945061,0.06494500081722573,0.07531605093404495,0.020697567540670512,0.03922290123511953,0.013990859011120918,0.0777567248749985
2023-08-16,0.2838167299623655,0.11479869164508956,0.04688525418789764,0.14285477542462557,0.11131091630771554,0.07303675867200182,0.07504351698300764,0.020287424110507768,0.03483331971386402,0.015866322922426748,0.08126629007049813
2023-09-15,0.28417779809242044,0.11533906910891553,0.04764394910560626,0.1444109946090201,0.10891134750978175,0.07184084090339656,0.07416986176901372,0.020559870452844888,0.0339638767333062,0.017954524353261246,0.08102786736243332
2023-10-16,0.28436671513266043,0.11760200367212621,0.048457464863717804,0.15225190730097415,0.10998666670463253,0.06684470660928017,0.07454740454587731,0.01720153295846289,0.02622168033328892,0.021191373270355897,0.0813285446086237
2023-11-14,0.28713875370721287,0.11569305926469316,0.046711174805016235,0.1524406070291959,0.10380243015623983,0.06430805655419702,0.07483886566897109,0.01752144446792293,0.025093207977570035,0.021572793059072143,0.09087960730990885
2023-12-14,0.29015623079994296,0.11536163037626922,0.04702264803830758,0.15496313074073312,0.10300610540515247,0.06050258175486241,0.06801439261767903,0.01970491987042621,0.026272524957156804,0.019972228931855632,0.0950236065076146
2024-01-17,0.291406550534228,0.1144638739057644,0.04584312725090871,0.15218300671196966,0.10120939591221365,0.05940283246548194,0.06851858598600184,0.021691673162302996,0.026054815797729804,0.01876237335403311,0.10046376491936596
2024-02-15,0.29545770357858175,0.11486867097688162,0.04473518426523446,0.1479952538598128,0.1000730869194455,0.053615580598778544,0.07741676450746614,0.012332425156721161,0.02630603168622334,0.017328241488904186,0.10987105696195051
2024-03-18,0.3025471685859019,0.12176354385023809,0.043592968926762225,0.15068273030332988,0.09827515417380607,0.048424799040705895,0.07177672914632145,0.013575002963833287,0.02601892734325713,0.014977337855007036,0.10836563781083693
2024-04-17,0.30814658135783773,0.11484963004384517,0.045641165340913274,0.14496753712775878,0.10003261518012263,0.05044124298541475,0.07924881544662525,0.009746983304880746,0.027543876040824776,0.00897050104334686,0.11041105212843016
2024-05-16,0.31044002994980513,0.10815796429036229,0.04403887542345527,0.1427054089325774,0.09517659830180698,0.04669580346248538,0.08974435247497405,0.012382892568104292,0.023172083275277002,0.009098169301584911,0.11838782201956742
2024-06-17,0.3271085345634495,0.10788380458164835,0.0458326367093757,0.14527989698447907,0.09225371878126948,0.042110312849183144,0.0668787312674087,0.01404595738177919,0.026909925799238368,0.010413633150116555,0.12128284793205206
2024-07-18,0.3317845047585335,0.1183916802022538,0.04510496468671025,0.13750014031864474,0.09620701318586705,0.045702192874547236,0.06229757857726301,0.011246565580183745,0.025276243166558767,0.008971631295627197,0.1175174853538108
2024-08-16,0.32890655995795653,0.10940737991814388,0.043953393039654724,0.14490985497518905,0.08775280452219238,0.05063161291367168,0.05241834870500436,0.017177881901147888,0.025702277047611504,0.012295030006793101,0.1268448570126348
2024-09-17,0.3233497356012928,0.11006149328983683,0.04291183035198073,0.1428314127301221,0.09480382108807725,0.05593005092246161,0.05081677277543937,0.011180661994715598,0.02568415363574078,0.01058132430134455,0.1318487433089883
2024-10-16,0.3235062338176865,0.11190494695486508,0.03998969978968897,0.13946946457514953,0.09480481908732,0.05854367817432274,0.05196801891802748,0.006377450367943561,0.026990079190969782,0.01148711871104996,0.13495849041297656
2024-11-14,0.32997216495279275,0.11755764758552346,0.040508185392424526,0.13743067615431065,0.0886343606134028,0.06377920203234289,0.04757841888150821,0.0063001305856121214,0.021887520741898106,0.012223660962076726,0.1341280320981079
2024-12-16,0.33127360606622824,0.11787680476918704,0.039541101221992676,0.13098852384445447,0.09373796774275983,0.06972226537043594,0.04696022200892833,0.0,0.024591378573530276,0.011437991604628647,0.13387013879785445
2025-01-17,0.3346322082701198,0.12659454941315293,0.03753502352310325,0.13090488594460528,0.10305467128576805,0.06313014548627634,0.03454261241220912,0.000834356816029343,0.028541389321145257,0.008126846093610599,0.13210331143398005
2025-02-19,0.34127988541469306,0.12511402636884622,0.03819618354696508,0.12060726395566553,0.10131631274691472,0.05654489456034615,0.03772771617053864,0.0031222748635514517,0.033611155539831815,0.009260794914992609,0.1332194919176549
2025-03-20,0.34061003500478443,0.12540449828284167,0.037152173668848654,0.11661247714802213,0.10513981136142245,0.05526732413327339,0.03416382524261147,0.00752731540291306,0.03421374082555966,0.007771585713475723,0.1361372132162474
2025-04-21,0.3467255609968364,0.12450309199814416,0.04378664980406735,0.11461132354625779,0.11697562357022101,0.02624705597205325,0.01569442256176234,0.02966326737157618,0.02267846041014679,0.021425518058434512,0.1376890257105002
2025-05-20,0.34781250846521644,0.1280398792795317,0.04668810475003011,0.10102590979692186,0.11832179033568915,0.032081773841736244,0.004652186742762296,0.03210712928845815,0.022582481192092,0.02654845387745856,0.14013978243010353
2025-06-20,0.34578820404397287,0.13015355325550268,0.04442519451106784,0.09642056563525794,0.12072930697576581,0.03504901247618266,0.012006011050597945,0.033290653311435624,0.020549663866365118,0.028067619453954817,0.1335202154198967
2025-07-22,0.3475580470776822,0.12129529809272853,0.04447731559436587,0.08969407754463966,0.11649942069085281,0.03949705364700555,0.027778834699993316,0.025035388648480206,0.022957373000995377,0.024154289014672998,0.14105290198858333
2025-08-20,0.36166550703849726,0.11941254066776197,0.042616591926406704,0.07718103038475829,0.12389614914367146,0.054801450278177954,0.04570655748195304,0.014028453610431632,0.016286564274187725,0.018670098600085266,0.12573505659406858
2025-09-19,0.3722987405519163,0.10941487976047996,0.039443623118151167,0.0747056902836777,0.13002403085686365,0.05473332992678454,0.04386740451036362,0.013193873029062416,0.020911075382007958,0.01717125998503825,0.1242360925956545
2025-10-20,0.38217087195926314,0.11473238524977623,0.036244120873351056,0.07594543793196522,0.12467872191866561,0.061910755199473665,0.03763002280339476,0.02243505702630113,0.015270169711488065,0.010730316132722495,0.11825214119359845
2025-11-18,0.3823442417409373,0.11486702684194036,0.03952605775124402,0.08190605111292856,0.13032403383488703,0.05798558360585629,0.03816513097342761,0.014192678379764692,0.020462473397659903,0.0,0.12022672236135423
2025-12-18,0.3869453074815349,0.11540049426038754,0.03578211237447735,0.0842599995491251,0.1289745290638849,0.0577098245280279,0.03510426360042776,0.01441542419283239,0.021728294844418856,0.0,0.1196797501048833
2026-01-21,0.3869245640222626,0.11655534454128917,0.037764787556841053,0.08028584424870927,0.12677791833914345,0.06133048687024822,0.03712006524695923,0.009549188413484488,0.020871308496989652,0.0,0.1228204922640729
2026-02-20,0.37633825514136615,0.11638846533947529,0.04180607963191337,0.07808964969101335,0.12762122326806127,0.06286622323887733,0.043121926728304,0.0026757410881699294,0.01972698285363171,0.002162211094281241,0.12920324192490623
2026-03-23,0.3832336966013658,0.0994103858068218,0.04157631289339671,0.07951740186985845,0.11973614591291346,0.062007626813908,0.044748719133520756,0.005751135064778499,0.01572201862393098,0.010346504286466975,0.13795005299303845
2026-04-22,0.36540626161333095,0.11115490061043574,0.029030453915073393,0.08192765993326055,0.12115599648229666,0.06782789518727948,0.054938322577960295,0.0,0.03395148123181644,0.0,0.13460702844854652
2026-05-21,0.3608798332166104,0.10942984608322277,0.028419504490498834,0.0841931186038562,0.11633071511032159,0.06644237200533779,0.057969289530962545,0.0,0.033035444398281905,0.0,0.14329987656090795
2026-06-23,0.34894408788947023,0.11251439918567192,0.026915789009629584,0.08138276363523803,0.11672110044630704,0.05914845369712401,0.06141332277123227,0.0,0.03890775442063109,0.0,0.15405232894469584
2026-07-23,0.34529688081604176,0.1175467531036031,0.026307098577014975,0.07176375770276208,0.10794324953692884,0.05979427938227964,0.0705007742807268,0.0,0.03647137276692948,0.0,0.16437583383371324
2026-08-21,0.3415985623000385,0.1159869205177263,0.029233234222386672,0.07948184053322957,0.11875669505600037,0.048601071738698196,0.06862943168276912,0.0,0.03950219945919906,0.0,0.1582100444899523
